,Moderate_Moderate to Severe,Moderate_Severe,Moderate_Mild,Moderate_Very Severe,Moderate_Minimal,Moderate to Severe_Moderate,Moderate to Severe_Severe,Moderate to Severe_Mild,Moderate to Severe_Very Severe,Moderate to Severe_Minimal,Severe_Moderate,Severe_Moderate to Severe,Severe_Mild,Severe_Very Severe,Severe_Minimal,Mild_Moderate,Mild_Moderate to Severe,Mild_Severe,Mild_Very Severe,Mild_Minimal,Very Severe_Moderate,Very Severe_Moderate to Severe,Very Severe_Severe,Very Severe_Mild,Very Severe_Minimal,Minimal_Moderate,Minimal_Moderate to Severe,Minimal_Severe,Minimal_Mild,Minimal_Very Severe
NP3RIGN,8.504088914038816e-05,0.0001457001970031976,8.809067880347485e-21,1.2189636824285875e-06,2.8028564731660245e-10,8.504088914038816e-05,0.3124297388787738,4.431756189696402e-31,0.0023566169022352793,7.491270658724679e-16,0.0001457001970031976,0.3124297388787738,7.303230395726383e-23,0.03373770462228447,6.327228625722841e-15,8.809067880347485e-21,4.431756189696402e-31,7.303230395726383e-23,1.3115991530028711e-20,0.0553221089562059,1.2189636824285875e-06,0.0023566169022352793,0.03373770462228447,1.3115991530028711e-20,4.772997547132636e-16,2.8028564731660245e-10,7.491270658724679e-16,6.327228625722841e-15,0.0553221089562059,4.772997547132636e-16
NP2HOBB,5.672645177513652e-12,6.158971767059597e-22,2.6794091638103227e-11,4.519887048586914e-22,5.804704327121952e-09,5.672645177513652e-12,8.735376786123185e-05,9.52205268350283e-32,7.116783658243374e-08,2.2156787122506493e-16,6.158971767059597e-22,8.735376786123185e-05,3.0129009767623486e-42,0.010808828420269707,2.7448934501853975e-22,2.6794091638103227e-11,9.52205268350283e-32,3.0129009767623486e-42,5.209003396446961e-40,0.0018143902309139175,4.519887048586914e-22,7.116783658243374e-08,0.010808828420269707,5.209003396446961e-40,9.49335080922271e-26,5.804704327121952e-09,2.2156787122506493e-16,2.7448934501853975e-22,0.0018143902309139175,9.49335080922271e-26
NP2DRES,1.8016153120850482e-11,2.8882829523751027e-24,9.850814215634932e-15,2.275736709597729e-18,9.670942909171984e-12,1.8016153120850482e-11,9.576808993406636e-08,3.078576090824576e-39,1.1986866685160301e-08,7.241011806458401e-24,2.8882829523751027e-24,9.576808993406636e-08,5.22150044596213e-55,0.008919092190189175,3.4661741364372853e-38,9.850814215634932e-15,3.078576090824576e-39,5.22150044596213e-55,7.215406016691725e-39,0.00010631300118118134,2.275736709597729e-18,1.1986866685160301e-08,0.008919092190189175,7.215406016691725e-39,1.5327609689369379e-29,9.670942909171984e-12,7.241011806458401e-24,3.4661741364372853e-38,0.00010631300118118134,1.5327609689369379e-29
NP3BRADY,1.2210042614030987e-07,4.353913516297232e-11,2.0518671707506057e-24,3.0953658465675965e-07,2.3242617696140927e-16,1.2210042614030987e-07,0.006584269473770236,1.9134574418719694e-36,0.00643396191276741,1.5704033179656372e-22,4.353913516297232e-11,0.006584269473770236,2.2242806970185125e-31,0.37705828763694105,8.431159248624968e-21,2.0518671707506057e-24,1.9134574418719694e-36,2.2242806970185125e-31,1.0177840364510721e-17,0.003112024904912479,3.0953658465675965e-07,0.00643396191276741,0.37705828763694105,1.0177840364510721e-17,3.845231379937935e-14,2.3242617696140927e-16,1.5704033179656372e-22,8.431159248624968e-21,0.003112024904912479,3.845231379937935e-14
NP3POSTR,5.5252874385283204e-08,1.6078537521332925e-10,1.3909221006686302e-15,9.26897854812904e-09,2.382223467396695e-12,5.5252874385283204e-08,0.017334541700327402,7.147624146539106e-31,0.0014430780339732647,3.020171836560626e-20,1.6078537521332925e-10,0.017334541700327402,7.029968751390015e-29,0.1201764099489212,1.5416914243821696e-22,1.3909221006686302e-15,7.147624146539106e-31,7.029968751390015e-29,4.2786458159478736e-20,0.0007732574064461444,9.26897854812904e-09,0.0014430780339732647,0.1201764099489212,4.2786458159478736e-20,1.082523321756985e-19,2.382223467396695e-12,3.020171836560626e-20,1.5416914243821696e-22,0.0007732574064461444,1.082523321756985e-19
Circularity,0.11527519688627788,0.03302889219058645,0.9907097859151001,0.759171116014324,0.857048561908668,0.11527519688627788,0.47350309172608906,0.14067445177010765,0.7548170094442912,0.345855714768344,0.03302889219058645,0.47350309172608906,0.04489382922624728,0.5149261943542537,0.18390157963990195,0.9907097859151001,0.14067445177010765,0.04489382922624728,0.7655680925087089,0.8685895705402122,0.759171116014324,0.7548170094442912,0.5149261943542537,0.7655680925087089,0.68720012545384,0.857048561908668,0.345855714768344,0.18390157963990195,0.8685895705402122,0.68720012545384
Solidity,0.8118522062202189,0.1693951143621032,0.8889261950956224,0.565117966906338,0.30736543179173353,0.8118522062202189,0.2934518093986239,0.7314480831087986,0.6635729373733008,0.2959055714049647,0.1693951143621032,0.2934518093986239,0.1478827646796729,0.8388661294654599,0.09618620357240838,0.8889261950956224,0.7314480831087986,0.1478827646796729,0.5277378620333354,0.3412682077286264,0.565117966906338,0.6635729373733008,0.8388661294654599,0.5277378620333354,0.3099797234713266,0.30736543179173353,0.2959055714049647,0.09618620357240838,0.3412682077286264,0.3099797234713266
NP3TTAPL,3.725003580694215e-06,4.6857728687425715e-07,2.3962854859344633e-09,4.029455733856343e-12,2.609320284404996e-10,3.725003580694215e-06,0.116896651883769,8.281438179337206e-22,5.641396448784615e-06,3.3458481408276616e-16,4.6857728687425715e-07,0.116896651883769,1.7440987233541735e-21,0.00011992047326890935,4.51045520423304e-21,2.3962854859344633e-09,8.281438179337206e-22,1.7440987233541735e-21,7.306238962747196e-26,2.0160355783924803e-05,4.029455733856343e-12,5.641396448784615e-06,0.00011992047326890935,7.306238962747196e-26,1.3247654833900814e-23,2.609320284404996e-10,3.3458481408276616e-16,4.51045520423304e-21,2.0160355783924803e-05,1.3247654833900814e-23
NP2EAT,5.869059083085542e-10,4.444018632255907e-18,5.512885103780679e-11,1.297106289398349e-15,4.449586142107824e-08,5.869059083085542e-10,0.000726572000240748,1.3473368496406744e-28,2.3104377600397437e-05,2.79155462605209e-14,4.444018632255907e-18,0.000726572000240748,1.805702957011669e-40,0.03145437002482594,3.246046726945899e-24,5.512885103780679e-11,1.3473368496406744e-28,1.805702957011669e-40,2.880208952975373e-31,0.004046331156581498,1.297106289398349e-15,2.3104377600397437e-05,0.03145437002482594,2.880208952975373e-31,2.956708332935433e-19,4.449586142107824e-08,2.79155462605209e-14,3.246046726945899e-24,0.004046331156581498,2.956708332935433e-19
homogeneity,0.6791811069697847,0.04549031675118571,0.23582281551378848,0.0481278436025321,0.27912657634749716,0.6791811069697847,0.15463471793397818,0.11892627717287574,0.08161000523641243,0.43983913528095087,0.04549031675118571,0.15463471793397818,0.005858707433915349,0.8362561822002534,0.542300704070856,0.23582281551378848,0.11892627717287574,0.005858707433915349,0.0007832649721201609,0.01787391055630403,0.0481278436025321,0.08161000523641243,0.8362561822002534,0.0007832649721201609,0.22667282209536507,0.27912657634749716,0.43983913528095087,0.542300704070856,0.01787391055630403,0.22667282209536507
Extent,0.8988528341062834,0.11550154271747312,0.5469638152091545,0.057556779725567705,0.166426816872568,0.8988528341062834,0.21979802685290956,0.5519741837001595,0.11320380503041089,0.26813160475230985,0.11550154271747312,0.21979802685290956,0.04711414323653188,0.4719904355661998,0.8703827354527748,0.5469638152091545,0.5519741837001595,0.04711414323653188,0.02408025650890054,0.0665982592500781,0.057556779725567705,0.11320380503041089,0.4719904355661998,0.02408025650890054,0.28200697067605895,0.166426816872568,0.26813160475230985,0.8703827354527748,0.0665982592500781,0.28200697067605895
lbp_energy,0.4922868079954136,0.09610830329902305,0.21946647799,0.013870374037872524,0.5269431819692802,0.4922868079954136,0.29228300840223614,0.05697788345443016,0.03391688806266213,0.8681755517082026,0.09610830329902305,0.29228300840223614,0.011412383351374037,0.5029250966739969,0.5072762997414608,0.21946647799,0.05697788345443016,0.011412383351374037,6.771335263263211e-05,0.08555094108064018,0.013870374037872524,0.03391688806266213,0.5029250966739969,6.771335263263211e-05,0.03764229841260521,0.5269431819692802,0.8681755517082026,0.5072762997414608,0.08555094108064018,0.03764229841260521
gabor_energy,0.001527734250486174,0.02972891997798753,0.5351628625770113,3.530078647424811e-07,0.10429207649801045,0.001527734250486174,0.6179833736799794,0.0011843157538229032,0.15772669987765084,0.03380889897366982,0.02972891997798753,0.6179833736799794,0.012952700015669559,0.010571853942846387,0.002777353386730041,0.5351628625770113,0.0011843157538229032,0.012952700015669559,1.5993524446074404e-07,0.19693075194032242,3.530078647424811e-07,0.15772669987765084,0.010571853942846387,1.5993524446074404e-07,8.055586984739629e-07,0.10429207649801045,0.03380889897366982,0.002777353386730041,0.19693075194032242,8.055586984739629e-07
Shannon_Entropy,0.6106155658316941,0.0276881314193773,0.2601152793160663,0.019100625949789094,0.327057848374837,0.6106155658316941,0.12061897217837,0.10425691361157206,0.038629301162069384,0.537237504237398,0.0276881314193773,0.12061897217837,0.0028633572636676363,0.7509724238494551,0.439591279321914,0.2601152793160663,0.10425691361157206,0.0028633572636676363,0.00011109108018652638,0.028279881703183973,0.019100625949789094,0.038629301162069384,0.7509724238494551,0.00011109108018652638,0.09572432584483676,0.327057848374837,0.537237504237398,0.439591279321914,0.028279881703183973,0.09572432584483676
Minor axis length,0.5449021439062156,0.19186130818771324,0.4414231035103936,0.998127232526189,0.979113880040609,0.5449021439062156,0.15158653223085924,0.9895406424538224,0.8363773158697552,0.7329984672441312,0.19186130818771324,0.15158653223085924,0.09083901250451817,0.6145364174259013,0.3588545778137292,0.4414231035103936,0.9895406424538224,0.09083901250451817,0.807975479254573,0.691561160071541,0.998127232526189,0.8363773158697552,0.6145364174259013,0.807975479254573,0.9920349689876066,0.979113880040609,0.7329984672441312,0.3588545778137292,0.691561160071541,0.9920349689876066
Major axis length,0.4890635043485707,0.03434590470378042,0.10764397872372902,0.9223443457864977,0.902543860274593,0.4890635043485707,0.13649110274539616,0.05133880205545924,0.8617758763314443,0.5991138913178382,0.03434590470378042,0.13649110274539616,0.003445672646878898,0.35675336380519107,0.12012786672337833,0.10764397872372902,0.05133880205545924,0.003445672646878898,0.5275880540017468,0.46226234170845004,0.9223443457864977,0.8617758763314443,0.35675336380519107,0.5275880540017468,0.8878433622039753,0.902543860274593,0.5991138913178382,0.12012786672337833,0.46226234170845004,0.8878433622039753
NP2RISE,4.212437962601557e-13,1.5135636836479092e-25,2.5939690977659453e-06,2.3097139716160434e-21,6.733825643015371e-08,4.212437962601557e-13,9.71909472437145e-06,2.1502169623539354e-26,1.597235618531971e-07,3.2310475245626417e-16,1.5135636836479092e-25,9.71909472437145e-06,4.1480881102677683e-41,0.01122394342624313,2.485040216560362e-27,2.5939690977659453e-06,2.1502169623539354e-26,4.1480881102677683e-41,7.738486356855632e-32,0.00046025501364877836,2.3097139716160434e-21,1.597235618531971e-07,0.01122394342624313,7.738486356855632e-32,3.2064989918924975e-20,6.733825643015371e-08,3.2310475245626417e-16,2.485040216560362e-27,0.00046025501364877836,3.2064989918924975e-20
NP3HMOVR,4.5101095350166364e-10,7.287472026199707e-09,1.0635260579054956e-08,7.409454249003736e-10,6.678591539349502e-06,4.5101095350166364e-10,0.27274959166197293,1.72006508287487e-24,0.003357149583727128,1.4693784348691658e-12,7.287472026199707e-09,0.27274959166197293,1.3914065956298845e-19,0.0195381719761235,7.975461204666073e-14,1.0635260579054956e-08,1.72006508287487e-24,1.3914065956298845e-19,2.24316612567635e-17,0.11457834230881726,7.409454249003736e-10,0.003357149583727128,0.0195381719761235,2.24316612567635e-17,3.770857306911845e-15,6.678591539349502e-06,1.4693784348691658e-12,7.975461204666073e-14,0.11457834230881726,3.770857306911845e-15
ConvexArea,0.9042785448782694,0.1555827763676837,0.24289638853428464,0.319742548753029,0.9816758840060562,0.9042785448782694,0.18078085749577125,0.41356226568279886,0.38212487618637325,0.9590414608318559,0.1555827763676837,0.18078085749577125,0.0395758356914478,0.17622975030704777,0.30863582243577636,0.24289638853428464,0.41356226568279886,0.0395758356914478,0.5341833206037812,0.5420373627884811,0.319742548753029,0.38212487618637325,0.17622975030704777,0.5341833206037812,0.44277103687788855,0.9816758840060562,0.9590414608318559,0.30863582243577636,0.5420373627884811,0.44277103687788855
correlation,0.44201512163462964,0.7726379678249985,0.3653502318688364,0.5266284912980073,0.19414729497432015,0.44201512163462964,0.835736962228885,0.15016090088972514,0.8282616196978536,0.591419206337314,0.7726379678249985,0.835736962228885,0.3952508631932862,0.7424306128139331,0.46502631354591384,0.3653502318688364,0.15016090088972514,0.3952508631932862,0.3030869044750851,0.04532189735896142,0.5266284912980073,0.8282616196978536,0.7424306128139331,0.3030869044750851,0.9180218598332879,0.19414729497432015,0.591419206337314,0.46502631354591384,0.04532189735896142,0.9180218598332879
